[
  {
    "idx": "IntTL0",
    "TL": [
      [
        "C119AS300886",
        "C119AS300887",
        "C119AS300153",
        "C119AS300143"
      ],
      [
        "C119AS301094",
        "C119AS301095",
        "C119AS300145",
        "C119AS300144",
        "C119AS300141",
        "C119AS300140",
        "C119AS300139"
      ],
      [
        "C119AS300888",
        "C119AS300162",
        "C119AS300159",
        "C119AS300158",
        "C119AS300142"
      ],
      [
        "C119AS300161",
        "C119AS300160",
        "C119AS300157",
        "C119AS300156",
        "C119AS300155",
        "C119AS300154",
        "SN000818"
      ]
    ]
  },
  {
    "idx": "IntTL1",
    "TL": [
      [
        "C119AS301046",
        "C119AS300177",
        "C119AS300176",
        "C119AS300149",
        "C119AS300148",
        "C119AS300147"
      ],
      [
        "C119AS300207",
        "C119AS300175",
        "C119AS300174",
        "C119AS300151",
        "C119AS300150",
        "SN011585"
      ],
      [
        "C119AS300206",
        "SN010753"
      ],
      [
        "C119AS300152",
        "C119AS300146"
      ]
    ]
  },
  {
    "idx": "IntTL2",
    "TL": [
      [
        "C119AS300167",
        "C119AS300137",
        "C119AS300136",
        "C119AS300135",
        "C119AS300134"
      ],
      [
        "C119AS300166",
        "C119AS300165",
        "C119AS300164",
        "C119AS300163",
        "C119AS300138"
      ]
    ]
  },
  {
    "idx": "IntTL3",
    "TL": [
      [
        "C119AS301049",
        "C119AS300132",
        "C119AS300131",
        "C119AS300118",
        "C119AS300117"
      ],
      [
        "C119AS300993",
        "C119AS300994",
        "C119AS300168",
        "C119AS300133"
      ],
      [
        "C119AS300173",
        "C119AS300172",
        "C119AS300130",
        "C119AS300119",
        "C119AS300116"
      ],
      [
        "C119AS300171",
        "C119AS300170",
        "C119AS300169",
        "C119AS300120",
        "SN001638"
      ]
    ]
  },
  {
    "idx": "IntTL4",
    "TL": [
      [
        "C119AS300129",
        "C119AS300124",
        "C119AS300123",
        "C119AS300122",
        "C119AS300114",
        "C119AS300110"
      ],
      [
        "C119AS300128",
        "C119AS300127",
        "C119AS300121",
        "C119AS300115"
      ],
      [
        "C119AS300126",
        "C119AS300125",
        "C119AS300113",
        "C119AS300112",
        "C119AS300111",
        "SN002459"
      ]
    ]
  },
  {
    "idx": "IntTL5",
    "TL": [
      [
        "C119AS300109",
        "C119AS300082",
        "C119AS300081",
        "C119AS300080",
        "C119AS300076"
      ],
      [
        "C119AS300108",
        "C119AS300105",
        "C119AS300104",
        "C119AS300078",
        "C119AS300077"
      ],
      [
        "C119AS300107",
        "C119AS300106",
        "C119AS300103",
        "C119AS300100",
        "C119AS300099"
      ],
      [
        "C119AS300102",
        "C119AS300101",
        "C119AS300098",
        "C119AS300083",
        "C119AS300079"
      ]
    ]
  },
  {
    "idx": "IntTL6",
    "TL": [
      [
        "C119AS300702",
        "C119AS300586",
        "C119AS300585",
        "C119AS300583",
        "C119AS300579"
      ],
      [
        "C119AS300589",
        "C119AS300588",
        "C119AS300587",
        "C119AS300584",
        "C119AS300581",
        "C119AS300580",
        "C119AS300578"
      ],
      [
        "C119AS300582",
        "C119AS300577",
        "C119AS300576"
      ]
    ]
  },
  {
    "idx": "IntTL7",
    "TL": [
      [
        "C119AS300091",
        "C119AS300071",
        "C119AS300070"
      ],
      [
        "C119AS300090",
        "C119AS300089",
        "C119AS300088",
        "C119AS300087",
        "C119AS300072"
      ]
    ]
  },
  {
    "idx": "IntTL8",
    "TL": [
      [
        "C119AS300660",
        "C119AS300659",
        "C119AS300658"
      ],
      [
        "C119AS300665",
        "C119AS300664",
        "C119AS300663",
        "C119AS300662",
        "C119AS300661"
      ]
    ]
  },
  {
    "idx": "IntTL9",
    "TL": [
      [
        "C119AS300093",
        "C119AS300092",
        "C119AS300069"
      ],
      [
        "C119AS300094",
        "C119AS300068",
        "C119AS300067",
        "C119AS300066",
        "C119AS300065"
      ]
    ]
  },
  {
    "idx": "IntTL10",
    "TL": [
      [
        "C119AS301039",
        "C119AS300259",
        "C119AS300257",
        "C119AS300256",
        "C119AS300255"
      ],
      [
        "C119AS300985",
        "C119AS301041",
        "C119AS300986",
        "C119AS300987",
        "SN007187"
      ],
      [
        "C119AS301040",
        "C119AS300271",
        "C119AS300218",
        "C119AS300215",
        "C119AS300214",
        "C119AS300213"
      ],
      [
        "C119AS300261",
        "C119AS300260",
        "C119AS300258",
        "C119AS300217",
        "C119AS300216"
      ]
    ]
  },
  {
    "idx": "IntTL11",
    "TL": [
      [
        "C119AS300096",
        "C119AS300095"
      ],
      [
        "C119AS300097",
        "C119AS300064",
        "C119AS300063",
        "C119AS300062"
      ]
    ]
  },
  {
    "idx": "IntTL12",
    "TL": [
      [
        "C119AS300269",
        "C119AS300268",
        "C119AS300055",
        "C119AS300048",
        "C119AS300047"
      ],
      [
        "C119AS300267",
        "C119AS300061",
        "C119AS300051",
        "C119AS300050",
        "C119AS300049"
      ],
      [
        "C119AS300266",
        "C119AS300060",
        "C119AS300059",
        "C119AS300058",
        "C119AS300043"
      ],
      [
        "C119AS300057",
        "C119AS300056",
        "C119AS300054",
        "C119AS300053",
        "C119AS300052"
      ]
    ]
  },
  {
    "idx": "IntTL13",
    "TL": [
      [
        "C119AS300046",
        "C119AS300045"
      ],
      [
        "C119AS300044",
        "C119AS300042",
        "C119AS300041",
        "C119AS300040"
      ]
    ]
  },
  {
    "idx": "IntTL14",
    "TL": [
      [
        "C119AS300606",
        "C119AS300605"
      ],
      [
        "C119AS300609",
        "C119AS300608",
        "C119AS300604",
        "C119AS300603",
        "C119AS300602"
      ]
    ]
  },
  {
    "idx": "IntTL15",
    "TL": [
      [
        "C119AS300036",
        "C119AS300027",
        "C119AS300026",
        "C119AS300025",
        "C119AS300037",
        "C119AS300032",
        "C119AS300029",
        "C119AS300024"
      ],
      [
        "C119AS300039",
        "C119AS300038",
        "C119AS300035",
        "C119AS300034",
        "C119AS300033",
        "C119AS300031",
        "C119AS300030",
        "C119AS300028"
      ]
    ]
  },
  {
    "idx": "IntTL16",
    "TL": [
      [
        "C119AS300701",
        "C119AS300700",
        "C119AS300575",
        "SN007978",
        "SN008778"
      ],
      [
        "C119AS300699",
        "C119AS300574",
        "C119AS300573",
        "C119AS300572",
        "C119AS300568",
        "C119AS300564",
        "SN003293"
      ],
      [
        "C119AS300698",
        "C119AS300571",
        "C119AS300570",
        "C119AS300565",
        "C119AS300563",
        "C119AS300562",
        "SN004119"
      ],
      [
        "C119AS300569",
        "C119AS300567",
        "C119AS300566",
        "SN009579",
        "SN010381"
      ]
    ]
  },
  {
    "idx": "IntTL17",
    "TL": [
      [
        "C119AS301043",
        "C119AS301044",
        "C119AS300183",
        "C119AS300182",
        "C119AS300181"
      ],
      [
        "C119AS300988",
        "C119AS300989",
        "C119AS300946",
        "C119AS300205",
        "C119AS300178"
      ],
      [
        "C119AS300990",
        "C119AS300947",
        "C119AS300948",
        "C119AS300204",
        "C119AS300185"
      ],
      [
        "C119AS301128",
        "C119AS300184",
        "C119AS300180",
        "C119AS300179",
        "SN007988"
      ]
    ]
  },
  {
    "idx": "IntTL18",
    "TL": [
      [
        "C119AS300753",
        "C119AS300752",
        "C119AS300370",
        "C119AS300369",
        "C119AS300368",
        "C119AS300344",
        "C119AS300340"
      ],
      [
        "C119AS300474",
        "C119AS300346",
        "C119AS300345",
        "C119AS300342",
        "C119AS300341",
        "C119AS300339",
        "C119AS300338"
      ],
      [
        "C119AS300367",
        "C119AS300343",
        "SN009466",
        "SN011053"
      ],
      [
        "C119AS300476",
        "C119AS300475",
        "SN010259",
        "SN011848"
      ]
    ]
  },
  {
    "idx": "IntTL19",
    "TL": [
      [
        "C119AS300751",
        "C119AS300750",
        "C119AS300003",
        "C119AS300001",
        "SN003141"
      ],
      [
        "C119AS300736",
        "C119AS300004",
        "SN000783",
        "SN001568",
        "SN002354"
      ],
      [
        "C119AS300735",
        "C119AS300732",
        "C119AS300731",
        "C119AS300541"
      ],
      [
        "C119AS300734",
        "C119AS300733",
        "C119AS300002"
      ]
    ]
  },
  {
    "idx": "IntTL20",
    "TL": [
      [
        "C119AS300749",
        "C119AS300742",
        "SN005642",
        "SN006447",
        "SN007253"
      ],
      [
        "C119AS300748",
        "C119AS300746",
        "C119AS300745"
      ],
      [
        "C119AS300747",
        "C119AS300743",
        "SN008060",
        "SN008868",
        "SN009677"
      ],
      [
        "C119AS300744",
        "C119AS300741",
        "C119AS300740"
      ]
    ]
  },
  {
    "idx": "IntTL21",
    "TL": [
      [
        "C119AS300739",
        "C119AS300737",
        "C119AS300703"
      ],
      [
        "C119AS300738",
        "C119AS300592",
        "C119AS300591"
      ],
      [
        "C119AS300704",
        "C119AS300593",
        "SN000816",
        "SN001634"
      ],
      [
        "C119AS300595",
        "C119AS300594",
        "C119AS300590"
      ]
    ]
  },
  {
    "idx": "IntTL23",
    "TL": [
      [
        "C119AS300247",
        "C119AS300229",
        "C119AS300228",
        "C119AS300227",
        "C119AS300226"
      ],
      [
        "C119AS300246",
        "C119AS300245",
        "C119AS300244"
      ]
    ]
  },
  {
    "idx": "IntTL24",
    "TL": [
      [
        "C119AS300725",
        "C119AS300724",
        "C119AS300723"
      ],
      [
        "C119AS300722"
      ]
    ]
  },
  {
    "idx": "IntTL25",
    "TL": [
      [
        "C119AS300721",
        "C119AS300522",
        "C119AS300521",
        "C119AS300520",
        "C119AS300510"
      ],
      [
        "C119AS300523",
        "C119AS300509",
        "C119AS300508",
        "C119AS300507",
        "SN002468"
      ],
      [
        "C119AS300519",
        "C119AS300517",
        "C119AS300513",
        "C119AS300512",
        "C119AS300511"
      ],
      [
        "C119AS300518",
        "C119AS300516",
        "C119AS300515",
        "C119AS300514",
        "SN001644"
      ]
    ]
  },
  {
    "idx": "IntTL26",
    "TL": [
      [
        "C119AS300720",
        "C119AS300691",
        "C119AS300690"
      ],
      [
        "C119AS300693",
        "C119AS300692",
        "C119AS300686",
        "C119AS300685",
        "C119AS300684"
      ]
    ]
  },
  {
    "idx": "IntTL27",
    "TL": [
      [
        "C119AS300719",
        "C119AS300683",
        "C119AS300682"
      ],
      [
        "C119AS300694",
        "C119AS300689",
        "C119AS300688",
        "C119AS300687",
        "C119AS300681"
      ]
    ]
  },
  {
    "idx": "IntTL28",
    "TL": [
      [
        "C119AS300086",
        "C119AS300075",
        "C119AS300074",
        "C119AS300073"
      ],
      [
        "C119AS300085",
        "C119AS300084"
      ]
    ]
  },
  {
    "idx": "IntTL29",
    "TL": [
      [
        "C119AS300718",
        "C119AS300678",
        "C119AS300675",
        "C119AS300674"
      ],
      [
        "C119AS300717",
        "C119AS300716",
        "C119AS300670",
        "C119AS300669",
        "C119AS300668"
      ],
      [
        "C119AS300715",
        "C119AS300676",
        "C119AS300673",
        "C119AS300672",
        "C119AS300671"
      ],
      [
        "C119AS300714",
        "C119AS300680",
        "C119AS300679",
        "C119AS300677",
        "C119AS300667",
        "C119AS300666"
      ]
    ]
  },
  {
    "idx": "IntTL30",
    "TL": [
      [
        "C119AS300713",
        "C119AS300712",
        "C119AS300709",
        "C119AS300708",
        "C119AS300641",
        "SN005690"
      ],
      [
        "C119AS300711",
        "C119AS300710",
        "C119AS300637",
        "C119AS300636",
        "C119AS300633",
        "C119AS300632",
        "C119AS300631"
      ],
      [
        "C119AS300707",
        "C119AS300705",
        "C119AS300640",
        "C119AS300639",
        "C119AS300638",
        "C119AS300635"
      ],
      [
        "C119AS300706",
        "C119AS300634",
        "C119AS300630",
        "SN004059",
        "SN004874"
      ]
    ]
  },
  {
    "idx": "IntTL31",
    "TL": [
      [
        "C119AS300697",
        "C119AS300556",
        "C119AS300555",
        "C119AS300554",
        "C119AS300552",
        "C119AS300551"
      ],
      [
        "C119AS300561",
        "C119AS300560",
        "C119AS300559",
        "C119AS300558",
        "C119AS300557",
        "C119AS300553"
      ]
    ]
  },
  {
    "idx": "IntTL32",
    "TL": [
      [
        "C119AS300696",
        "C119AS300550",
        "C119AS300547",
        "C119AS300546",
        "C119AS300542",
        "C119AS300468",
        "SN004946"
      ],
      [
        "C119AS300695",
        "C119AS300545",
        "C119AS300544",
        "SN005580"
      ],
      [
        "C119AS300549",
        "C119AS300548",
        "C119AS300469",
        "C119AS300467",
        "C119AS300466"
      ],
      [
        "C119AS300543",
        "C119AS300471",
        "C119AS300470",
        "SN003185"
      ]
    ]
  },
  {
    "idx": "IntTL33",
    "TL": [
      [
        "C119AS300657",
        "C119AS300656",
        "C119AS300655"
      ],
      [
        "C119AS300654",
        "C119AS300653",
        "C119AS300652",
        "C119AS300651",
        "C119AS300650"
      ]
    ]
  },
  {
    "idx": "IntTL34",
    "TL": [
      [
        "C119AS300649",
        "C119AS300648",
        "C119AS300647",
        "C119AS300646",
        "C119AS300645"
      ],
      [
        "C119AS300644",
        "C119AS300643",
        "C119AS300642"
      ]
    ]
  },
  {
    "idx": "IntTL35",
    "TL": [
      [
        "C119AS300629",
        "C119AS300628",
        "C119AS300627",
        "C119AS300626",
        "C119AS300625",
        "C119AS300624"
      ],
      [
        "C119AS300623",
        "C119AS300622",
        "C119AS300621",
        "SN003245"
      ]
    ]
  },
  {
    "idx": "IntTL36",
    "TL": [
      [
        "C119AS300620",
        "C119AS300618",
        "C119AS300613",
        "C119AS300612"
      ],
      [
        "C119AS300619",
        "C119AS300617",
        "C119AS300616",
        "C119AS300615",
        "C119AS300614",
        "C119AS300611",
        "C119AS300610"
      ],
      [
        "SN000809",
        "SN001620",
        "SN002432"
      ]
    ]
  },
  {
    "idx": "IntTL37",
    "TL": [
      [
        "C119AS300607",
        "C119AS300598",
        "C119AS300597",
        "C119AS300596"
      ],
      [
        "C119AS300601",
        "C119AS300600",
        "C119AS300599"
      ]
    ]
  },
  {
    "idx": "IntTL38",
    "TL": [
      [
        "C119AS300265",
        "C119AS300014",
        "C119AS300008",
        "C119AS300007",
        "C119AS300006",
        "C119AS300013",
        "C119AS300005"
      ],
      [
        "C119AS300264",
        "C119AS300263",
        "C119AS300023",
        "C119AS300022",
        "C119AS300017",
        "C119AS300016",
        "C119AS300015"
      ],
      [
        "C119AS300021",
        "C119AS300020",
        "C119AS300009"
      ],
      [
        "C119AS300019",
        "C119AS300018",
        "C119AS300012",
        "C119AS300011",
        "C119AS300010"
      ]
    ]
  },
  {
    "idx": "IntTL40",
    "TL": [
      [
        "C119AS300506",
        "C119AS300505",
        "C119AS300287"
      ],
      [
        "C119AS300302",
        "C119AS300301",
        "C119AS300300"
      ],
      [
        "C119AS300288",
        "C119AS300286",
        "C119AS300285"
      ]
    ]
  },
  {
    "idx": "IntTL41",
    "TL": [
      [
        "C119AS300503",
        "C119AS300502",
        "C119AS300499",
        "C119AS300463",
        "C119AS300459",
        "C119AS300458",
        "C119AS300457"
      ],
      [
        "C119AS300501",
        "C119AS300500",
        "C119AS300498",
        "C119AS300462",
        "C119AS300460",
        "C119AS300455",
        "SN005774"
      ],
      [
        "C119AS300497",
        "C119AS300496",
        "C119AS300495",
        "C119AS300456",
        "C119AS300454"
      ],
      [
        "C119AS300461"
      ]
    ]
  },
  {
    "idx": "IntTL42",
    "TL": [
      [
        "C119AS300494",
        "C119AS300451",
        "C119AS300447",
        "C119AS300445",
        "C119AS300444",
        "C119AS300443",
        "C119AS300442"
      ],
      [
        "C119AS300493",
        "C119AS300453",
        "C119AS300452",
        "C119AS300450",
        "C119AS300449",
        "C119AS300448",
        "C119AS300446"
      ]
    ]
  },
  {
    "idx": "IntTL43",
    "TL": [
      [
        "C119AS300492",
        "C119AS300438",
        "C119AS300435",
        "C119AS300434",
        "C119AS300432",
        "C119AS300431",
        "C119AS300430"
      ],
      [
        "C119AS300441",
        "C119AS300440",
        "C119AS300439",
        "C119AS300437",
        "C119AS300436",
        "C119AS300433"
      ]
    ]
  },
  {
    "idx": "IntTL44",
    "TL": [
      [
        "C119AS300491",
        "C119AS300427",
        "C119AS300426",
        "C119AS300424",
        "SN006603"
      ],
      [
        "C119AS300490",
        "C119AS300489",
        "C119AS300429",
        "C119AS300421",
        "C119AS300420"
      ],
      [
        "C119AS300488",
        "C119AS300486",
        "C119AS300485",
        "C119AS300423",
        "C119AS300422"
      ],
      [
        "C119AS300487",
        "C119AS300428",
        "C119AS300425",
        "SN000795",
        "SN001591"
      ]
    ]
  },
  {
    "idx": "IntTL45",
    "TL": [
      [
        "C119AS300484",
        "C119AS300483",
        "C119AS300482",
        "C119AS300416",
        "C119AS300413",
        "C119AS300412",
        "C119AS300411"
      ],
      [
        "C119AS300419",
        "C119AS300418",
        "C119AS300417",
        "C119AS300415",
        "C119AS300414",
        "C119AS300410"
      ]
    ]
  },
  {
    "idx": "IntTL46",
    "TL": [
      [
        "C119AS300481",
        "C119AS300480",
        "C119AS300478",
        "C119AS300465",
        "C119AS300408"
      ],
      [
        "C119AS300479",
        "C119AS300409",
        "C119AS300407",
        "C119AS300406",
        "C119AS300405"
      ]
    ]
  },
  {
    "idx": "IntTL47",
    "TL": [
      [
        "C119AS300477",
        "C119AS300464",
        "C119AS300393",
        "C119AS300392",
        "C119AS300390",
        "C119AS300357",
        "C119AS300352"
      ],
      [
        "C119AS300394",
        "C119AS300391",
        "C119AS300358",
        "C119AS300356",
        "C119AS300355",
        "C119AS300354",
        "C119AS300353"
      ]
    ]
  },
  {
    "idx": "IntTL48",
    "TL": [
      [
        "C119AS300473",
        "C119AS300472",
        "C119AS300297"
      ],
      [
        "C119AS300299",
        "C119AS300292",
        "C119AS300291",
        "C119AS300290",
        "C119AS300289"
      ],
      [
        "C119AS300298",
        "C119AS300296",
        "C119AS300295",
        "C119AS300294",
        "C119AS300293"
      ]
    ]
  },
  {
    "idx": "IntTL49",
    "TL": [
      [
        "C119AS300404",
        "C119AS300403",
        "C119AS300402",
        "C119AS300401",
        "C119AS300400"
      ],
      [
        "C119AS300399",
        "C119AS300398",
        "C119AS300397",
        "C119AS300396",
        "C119AS300395"
      ]
    ]
  },
  {
    "idx": "IntTL50",
    "TL": [
      [
        "C119AS300389",
        "C119AS300388"
      ],
      [
        "C119AS300387",
        "C119AS300329",
        "C119AS300325",
        "C119AS300324",
        "C119AS300323",
        "C119AS300322"
      ],
      [
        "C119AS300386",
        "C119AS300385",
        "C119AS300384",
        "C119AS300383",
        "C119AS300328"
      ],
      [
        "C119AS300327",
        "C119AS300326"
      ]
    ]
  },
  {
    "idx": "IntTL51",
    "TL": [
      [
        "C119AS300382",
        "C119AS300381",
        "C119AS300380"
      ],
      [
        "C119AS300379",
        "SN003929",
        "SN004718",
        "SN005508",
        "SN007882"
      ]
    ]
  },
  {
    "idx": "IntTL52",
    "TL": [
      [
        "C119AS300378",
        "C119AS300377",
        "C119AS300376"
      ],
      [
        "C119AS300375",
        "C119AS300333",
        "C119AS300332",
        "C119AS300331",
        "C119AS300330"
      ]
    ]
  },
  {
    "idx": "IntTL53",
    "TL": [
      [
        "C119AS300374",
        "C119AS300373",
        "C119AS300372"
      ],
      [
        "C119AS300371",
        "C119AS300337",
        "C119AS300336",
        "C119AS300335",
        "C119AS300334"
      ]
    ]
  },
  {
    "idx": "IntTL54",
    "TL": [
      [
        "C119AS300366",
        "C119AS300363",
        "C119AS300362",
        "C119AS300360",
        "C119AS300359"
      ],
      [
        "C119AS300365",
        "C119AS300364",
        "C119AS300349"
      ],
      [
        "C119AS300361",
        "C119AS300351",
        "C119AS300350",
        "C119AS300348",
        "C119AS300347"
      ]
    ]
  },
  {
    "idx": "IntTL55",
    "TL": [
      [
        "C119AS300321",
        "C119AS300272",
        "C119AS300238",
        "C119AS300237",
        "C119AS300236",
        "C119AS300235",
        "C119AS300234"
      ],
      [
        "C119AS300320",
        "C119AS300319",
        "C119AS300318",
        "C119AS300317",
        "C119AS300316",
        "C119AS300315",
        "C119AS300239"
      ],
      [
        "C119AS300504",
        "C119AS300270"
      ]
    ]
  },
  {
    "idx": "IntTL56",
    "TL": [
      [
        "C119AS300314",
        "C119AS300313",
        "C119AS300312",
        "C119AS300311",
        "C119AS300273"
      ],
      [
        "C119AS300276",
        "C119AS300275",
        "C119AS300274"
      ]
    ]
  },
  {
    "idx": "IntTL57",
    "TL": [
      [
        "C119AS300310",
        "C119AS300280",
        "C119AS300279",
        "C119AS300278",
        "C119AS300277"
      ],
      [
        "C119AS300309",
        "C119AS300308",
        "C119AS300307"
      ]
    ]
  },
  {
    "idx": "IntTL58",
    "TL": [
      [
        "C119AS300306",
        "C119AS300305",
        "C119AS300304",
        "C119AS300303",
        "C119AS300284"
      ],
      [
        "C119AS300283",
        "C119AS300282",
        "C119AS300281"
      ]
    ]
  },
  {
    "idx": "IntTL59",
    "TL": [
      [
        "C119AS300262",
        "C119AS300212",
        "C119AS300195",
        "C119AS300194",
        "C119AS300193"
      ],
      [
        "C119AS300211",
        "C119AS300210",
        "C119AS300209"
      ]
    ]
  },
  {
    "idx": "IntTL60",
    "TL": [
      [
        "C119AS300254",
        "C119AS300222",
        "C119AS300221",
        "SN005586",
        "SN006387"
      ],
      [
        "C119AS300253",
        "C119AS300252",
        "C119AS300249",
        "C119AS300248",
        "SN009922"
      ],
      [
        "C119AS300251",
        "C119AS300250",
        "C119AS300225",
        "SN003189"
      ],
      [
        "C119AS300224",
        "C119AS300223",
        "C119AS300220",
        "C119AS300219",
        "SN008262"
      ]
    ]
  },
  {
    "idx": "IntTL61",
    "TL": [
      [
        "C119AS300243",
        "C119AS300242",
        "C119AS300241",
        "C119AS300240",
        "C119AS300233"
      ],
      [
        "C119AS300232",
        "C119AS300231",
        "C119AS300230"
      ]
    ]
  },
  {
    "idx": "IntTL62",
    "TL": [
      [
        "C119AS300208",
        "C119AS300203",
        "C119AS300188",
        "C119AS300187",
        "C119AS300186"
      ],
      [
        "C119AS300202",
        "C119AS300201",
        "C119AS300200"
      ]
    ]
  },
  {
    "idx": "IntTL63",
    "TL": [
      [
        "C119AS300199",
        "C119AS300192",
        "C119AS300191",
        "C119AS300190",
        "C119AS300189"
      ],
      [
        "C119AS300198",
        "C119AS300197",
        "C119AS300196"
      ]
    ]
  },
  {
    "idx": "IntTL22",
    "TL": [
      [
        "C119AS300729",
        "C119AS300730",
        "C119AS300728",
        "C119AS300726"
      ],
      [
        "C119AS300727"
      ]
    ]
  },
  {
    "idx": "IntTL39",
    "TL": [
      [
        "C120AA062061",
        "C120AA062062",
        "C120AA062065",
        "C119AS300532",
        "C120AA062072"
      ],
      [
        "C120AA062059",
        "C120AA062055",
        "C120AA062056",
        "C120AA062058",
        "SN000001"
      ],
      [
        "C120AA062070",
        "C120AA062069",
        "C120AA062071",
        "C120AA062063",
        "C120AA062060"
      ],
      [
        "C120AA062067",
        "C120AA062066",
        "C120AA062068",
        "C120AA062064",
        "C120AA062057"
      ]
    ]
  },
  {
    "idx": "IntTL64",
    "TL": [
      [
        "C120AA062044",
        "C120AA062042",
        "C120AA062043"
      ],
      [
        "C120AA062047",
        "C120AA062046",
        "C120AA062045",
        "C120AA062051",
        "C120AA062054",
        "C120AA062050"
      ],
      [
        "C120AA062052",
        "C120AA062053",
        "C120AA062048",
        "C120AA062049"
      ]
    ]
  },
  {
    "idx": "IntTL65",
    "TL": [
      [
        "C120AA062039",
        "C120AA062040",
        "C120AA062034",
        "SN000004",
        "C120AA062038"
      ],
      [
        "C120AA062031",
        "C120AA062030",
        "C120AA062024",
        "C120AA062023",
        "C120AA062025",
        "C120AA062027",
        "C120AA062028"
      ],
      [
        "C120AA062032",
        "C120AA062033",
        "C120AA062029",
        "C120AA062041"
      ],
      [
        "C120AA062036",
        "C120AA062035",
        "C120AA062037",
        "C120AA062026"
      ]
    ]
  },
  {
    "idx": "IntTL66",
    "TL": [
      [
        "SN000003",
        "C120AA062016",
        "C120AA062017",
        "C120AA062015",
        "C120AA062020",
        "C120AA062019"
      ],
      [
        "C120AA062010",
        "C120AA062011",
        "C120AA062008",
        "C120AA062018"
      ],
      [
        "C120AA062013",
        "C120AA062012",
        "SN000000",
        "C120AA062021"
      ],
      [
        "C120AA062006",
        "C120AA062007",
        "C120AA062014",
        "C120AA062022",
        "C120AA062009"
      ]
    ]
  },
  {
    "idx": "IntTL67",
    "TL": [
      [
        "C120AA062002",
        "C120AA062003"
      ],
      [
        "C120AA062000",
        "C120AA062001"
      ],
      [
        "C120AA062004",
        "C120AA062005"
      ]
    ]
  }
]